{"entities":{"pages":{"Main":{"id":"Main","title":"Projekt Episko","url":"main.html","level":0,"tabIndex":0},"-5kfx7y_3":{"id":"-5kfx7y_3","title":"Meetings","level":0,"pages":["2024-10-01-Kickoff","2024-10-01-Planung","2024-10-11-Entwicklungsplan","2024-11-08-Use-Cases","2024-11-13-Entwicklungsplan-Abnahme","2024-11-13-Use-Cases-Definition","2024-11-15-Anforderungsanalyse-Abnahme"],"tabIndex":1},"2024-10-01-Kickoff":{"id":"2024-10-01-Kickoff","title":"Kickoff Meeting","url":"2024-10-01-kickoff.html","level":1,"parentId":"-5kfx7y_3","tabIndex":0},"2024-10-01-Planung":{"id":"2024-10-01-Planung","title":"Planning Meeting","url":"2024-10-01-planung.html","level":1,"parentId":"-5kfx7y_3","tabIndex":1},"2024-10-11-Entwicklungsplan":{"id":"2024-10-11-Entwicklungsplan","title":"Entwicklungsplan Meeting","url":"2024-10-11-entwicklungsplan.html","level":1,"parentId":"-5kfx7y_3","tabIndex":2},"2024-11-08-Use-Cases":{"id":"2024-11-08-Use-Cases","title":"Meetingtitel","url":"2024-11-08-use-cases.html","level":1,"parentId":"-5kfx7y_3","tabIndex":3},"2024-11-13-Entwicklungsplan-Abnahme":{"id":"2024-11-13-Entwicklungsplan-Abnahme","title":"Abnahme Entwicklungsplan","url":"2024-11-13-entwicklungsplan-abnahme.html","level":1,"parentId":"-5kfx7y_3","tabIndex":4},"2024-11-13-Use-Cases-Definition":{"id":"2024-11-13-Use-Cases-Definition","title":"Definition Use-Cases","url":"2024-11-13-use-cases-definition.html","level":1,"parentId":"-5kfx7y_3","tabIndex":5},"2024-11-15-Anforderungsanalyse-Abnahme":{"id":"2024-11-15-Anforderungsanalyse-Abnahme","title":"Abnahme Anforderungsanalyse","url":"2024-11-15-anforderungsanalyse-abnahme.html","level":1,"parentId":"-5kfx7y_3","tabIndex":6},"-5kfx7y_4":{"id":"-5kfx7y_4","title":"Inkremente","level":0,"pages":["Inkremente","-5kfx7y_14","-5kfx7y_15","-5kfx7y_16","-5kfx7y_17"],"tabIndex":2},"Inkremente":{"id":"Inkremente","title":"Inkremente","url":"inkremente.html","level":1,"parentId":"-5kfx7y_4","tabIndex":0},"-5kfx7y_14":{"id":"-5kfx7y_14","title":"Inkrement 0","level":1,"parentId":"-5kfx7y_4","pages":["Initialisierung0","Projektskizze","Entwicklungsplan","Anforderungsanalyse"],"tabIndex":1},"Initialisierung0":{"id":"Initialisierung0","title":"Initialisierung Inkrement 0","url":"initialisierung0.html","level":2,"parentId":"-5kfx7y_14","tabIndex":0},"Projektskizze":{"id":"Projektskizze","title":"Projektskizze","url":"projektskizze.html","level":2,"parentId":"-5kfx7y_14","tabIndex":1},"Entwicklungsplan":{"id":"Entwicklungsplan","title":"Entwicklungsplan","url":"entwicklungsplan.html","level":2,"parentId":"-5kfx7y_14","tabIndex":2},"Anforderungsanalyse":{"id":"Anforderungsanalyse","title":"Anforderungsanalyse","url":"anforderungsanalyse.html","level":2,"parentId":"-5kfx7y_14","tabIndex":3},"-5kfx7y_15":{"id":"-5kfx7y_15","title":"Inkrement 1","level":1,"parentId":"-5kfx7y_4","pages":["Initialisierung1"],"tabIndex":2},"Initialisierung1":{"id":"Initialisierung1","title":"Initialisierung Inkrement 1","url":"initialisierung1.html","level":2,"parentId":"-5kfx7y_15","tabIndex":0},"-5kfx7y_16":{"id":"-5kfx7y_16","title":"Inkrement 2","level":1,"parentId":"-5kfx7y_4","pages":["Initialisierung2"],"tabIndex":3},"Initialisierung2":{"id":"Initialisierung2","title":"Initialisierung Inkrement 2","url":"initialisierung2.html","level":2,"parentId":"-5kfx7y_16","tabIndex":0},"-5kfx7y_17":{"id":"-5kfx7y_17","title":"Inkrement 3","level":1,"parentId":"-5kfx7y_4","tabIndex":4},"Glossar":{"id":"Glossar","title":"Dokumententitel","url":"glossar.html","level":0,"tabIndex":3}}},"topLevelIds":["Main","-5kfx7y_3","-5kfx7y_4","Glossar"]}